Ship Movement Update,Gear System Update,Lerper Update,ParticleSystem Update,Instructions Draw,Gear System Draw,ParticleSystem Draw,Ship Draw
7.39653e-006,4.10918e-007,7.39653e-006,3.32844e-005,0,0.000274904,0.000254358,3.61608e-005
6.49251e-005,2.46551e-006,2.21896e-005,5.46521e-005,0,0.000302436,0.000240798,3.90372e-005
2.17787e-005,2.46551e-006,2.26005e-005,6.78015e-005,0,0.000274904,0.00022395,3.5339e-005
7.80745e-006,4.10918e-007,6.98561e-006,2.17787e-005,4.10918e-007,0.000282712,0.000233402,3.5339e-005
7.39653e-006,2.05459e-006,2.0135e-005,6.32814e-005,0,0.00027285,0.000219841,3.45171e-005
0.000239976,4.10918e-007,7.39653e-006,1.15057e-005,0,0.00028189,0.000329967,4.64338e-005
3.41062e-005,2.05459e-006,2.17787e-005,4.97211e-005,4.10918e-007,0.000353801,0.000546932,3.90372e-005
3.24625e-005,2.05459e-006,2.34223e-005,6.78015e-005,0,0.000370648,0.000260933,3.73936e-005
6.98561e-006,2.46551e-006,2.5066e-005,7.60199e-005,0,0.000283945,0.000238333,3.65717e-005
6.98561e-006,2.87643e-006,2.34223e-005,6.78015e-005,0,0.000274904,0.00022395,3.5339e-005
7.39653e-006,2.46551e-006,1.80804e-005,6.49251e-005,0,0.000281479,0.000230114,3.5339e-005
0.000182859,4.10918e-007,6.57469e-006,2.67097e-005,0,0.000300381,0.000318873,3.90372e-005
0.000117934,4.10918e-007,7.80745e-006,1.80804e-005,0,0.00029997,0.000242442,3.86263e-005
6.57469e-006,2.05459e-006,1.97241e-005,6.65688e-005,0,0.000288465,0.000230525,3.61608e-005
8.50601e-005,8.21837e-007,8.21837e-006,2.0135e-005,0,0.000309421,0.000244907,4.027e-005
1.10948e-005,2.46551e-006,2.38333e-005,6.82124e-005,4.10918e-007,0.00028641,0.000230114,3.82154e-005
9.45112e-006,8.21837e-007,1.5204e-005,1.93132e-005,0,0.000276959,0.000234634,3.69826e-005
2.05459e-005,4.10918e-007,8.62928e-006,2.26005e-005,0,0.000452421,0.000304901,4.027e-005
7.39653e-006,2.87643e-006,2.62988e-005,4.72556e-005,0,0.00027737,0.000231347,3.82154e-005
7.80745e-006,2.46551e-006,2.46551e-005,5.99941e-005,0,0.000284355,0.000230114,3.78045e-005
0.000295039,4.10918e-007,6.98561e-006,2.05459e-005,0,0.000276959,0.000251482,3.65717e-005
7.39653e-006,2.05459e-006,2.17787e-005,7.10889e-005,0,0.000677604,0.000322571,3.90372e-005
2.58878e-005,2.46551e-006,2.21896e-005,7.23216e-005,0,0.000302025,0.000238744,3.90372e-005
6.57469e-006,2.46551e-006,2.05459e-005,6.65688e-005,0,0.000273672,0.000289286,3.5339e-005
6.36923e-005,2.46551e-006,2.13678e-005,6.49251e-005,0,0.000297094,0.00023258,3.90372e-005
0.000271206,8.21837e-007,7.80745e-006,1.84913e-005,0,0.00028641,0.00022354,3.69826e-005
6.98561e-006,2.46551e-006,2.09568e-005,7.10889e-005,0,0.000448312,0.000460639,3.98591e-005
6.98561e-006,2.46551e-006,2.21896e-005,7.0267e-005,0,0.000295039,0.000230114,3.86263e-005
0.000126152,4.10918e-007,7.80745e-006,1.89022e-005,0,0.00028189,0.000297916,3.86263e-005
4.15027e-005,2.05459e-006,2.05459e-005,4.35573e-005,0,0.00028189,0.000228881,3.5339e-005
0.000191488,8.21837e-007,6.16377e-006,1.80804e-005,0,0.000283123,0.000236689,3.82154e-005
1.5204e-005,2.05459e-006,2.26005e-005,8.71147e-005,0,0.00038503,0.000260111,3.98591e-005
2.5066e-005,2.46551e-006,2.58878e-005,7.43762e-005,0,0.000284355,0.000229292,3.73936e-005
2.05459e-006,8.21837e-007,7.80745e-006,2.95861e-005,0,0.000283123,0.000225594,4.43792e-005
6.98561e-006,2.05459e-006,2.09568e-005,6.45142e-005,0,0.000282301,0.000302025,3.5339e-005
0.000233812,8.21837e-007,6.98561e-006,2.67097e-005,0,0.000282301,0.000224772,3.5339e-005
1.56149e-005,2.05459e-006,2.05459e-005,4.027e-005,0,0.00028189,0.000228471,3.61608e-005
1.39712e-005,2.46551e-006,2.13678e-005,6.69797e-005,0,0.000383387,0.000229703,3.49281e-005
0.000202172,4.10918e-007,7.39653e-006,1.84913e-005,4.10918e-007,0.000291752,0.000232169,3.65717e-005
2.05459e-005,2.46551e-006,2.17787e-005,7.93072e-005,4.10918e-007,0.000279424,0.000224772,3.61608e-005
2.79424e-005,2.46551e-006,2.17787e-005,4.10918e-005,0,0.000283123,0.000261755,3.61608e-005
2.05459e-006,8.21837e-007,8.21837e-006,2.05459e-005,4.10918e-007,0.000300792,0.000244496,3.90372e-005
2.87643e-005,8.21837e-007,1.56149e-005,1.84913e-005,4.10918e-007,0.000303669,0.000243264,3.90372e-005
7.80745e-006,2.46551e-006,1.97241e-005,6.45142e-005,0,0.000281479,0.000228881,3.61608e-005
8.21837e-006,2.46551e-006,2.34223e-005,7.84854e-005,0,0.000282712,0.000243264,3.65717e-005
2.46551e-006,4.10918e-007,9.0402e-006,2.26005e-005,0,0.000296683,0.000239976,3.90372e-005
2.34223e-005,8.21837e-007,1.27385e-005,5.30085e-005,0,0.000305312,0.000283534,4.06809e-005
4.10918e-006,1.64367e-006,1.84913e-005,2.91752e-005,0,0.000337364,0.000244496,4.027e-005
3.69826e-006,8.21837e-007,1.68476e-005,3.32844e-005,0,0.000294217,0.000230936,3.73936e-005
4.10918e-006,1.23275e-006,1.35603e-005,3.12298e-005,4.10918e-007,0.000332844,0.000230114,3.69826e-005
3.28735e-006,8.21837e-007,2.71206e-005,2.58878e-005,0,0.000301203,0.0002371,3.78045e-005
0.000204226,4.10918e-007,2.09568e-005,2.21896e-005,4.10918e-007,0.000301203,0.00027737,3.86263e-005
0.000119577,8.21837e-007,1.15057e-005,2.38333e-005,0,0.00032216,0.000244085,3.90372e-005
7.06779e-005,1.23275e-006,2.42442e-005,2.34223e-005,0,0.000283945,0.000262577,3.86263e-005
2.46551e-006,8.21837e-007,7.80745e-006,3.32844e-005,0,0.000292574,0.00024614,3.69826e-005
2.46551e-006,8.21837e-007,1.56149e-005,4.027e-005,4.10918e-007,0.000282301,0.000237511,5.25975e-005
6.5336e-005,4.10918e-007,8.62928e-006,1.84913e-005,0,0.00068007,0.000462283,3.94482e-005
2.05459e-006,8.21837e-007,8.21837e-006,1.89022e-005,0,0.000301614,0.0003086,4.56119e-005
3.28735e-006,4.10918e-007,1.10948e-005,2.21896e-005,0,0.000280246,0.000226005,3.69826e-005
2.46551e-006,8.21837e-007,1.0273e-005,2.26005e-005,0,0.000283123,0.000249427,3.82154e-005
2.46551e-006,4.10918e-007,2.46551e-005,2.13678e-005,4.10918e-007,0.000278603,0.00022806,3.61608e-005
1.06839e-005,4.10918e-007,9.0402e-006,1.93132e-005,4.10918e-007,0.000321338,0.000292574,3.98591e-005
2.05459e-006,1.23275e-006,8.62928e-006,1.97241e-005,0,0.000324625,0.000246551,4.23246e-005
4.23246e-005,4.10918e-007,7.39653e-006,1.80804e-005,0,0.000329556,0.000299148,4.43792e-005
1.64367e-006,4.10918e-007,7.39653e-006,1.76695e-005,4.10918e-007,0.000313531,0.000281479,5.5474e-005
6.98561e-006,2.46551e-006,2.09568e-005,8.34164e-005,0,0.000289697,0.000273672,4.10918e-005
7.39653e-006,2.05459e-006,2.05459e-005,7.5198e-005,0,0.000305723,0.000260522,4.06809e-005
0.000160669,8.21837e-007,8.62928e-006,2.67097e-005,4.10918e-007,0.000325447,0.000289697,4.5201e-005
1.35603e-005,2.46551e-006,2.26005e-005,4.35573e-005,0,0.000305312,0.000256002,4.31464e-005
7.39653e-006,2.46551e-006,2.13678e-005,3.69826e-005,0,0.000296272,0.00032668,4.027e-005
0.000194775,4.10918e-007,7.39653e-006,1.76695e-005,0,0.000316818,0.000255591,3.86263e-005
1.76695e-005,2.46551e-006,2.13678e-005,4.35573e-005,0,0.000364895,0.000309832,4.47901e-005
2.38333e-005,2.46551e-006,6.41032e-005,3.65717e-005,0,0.000298738,0.000244496,4.39683e-005
2.26005e-005,2.46551e-006,2.38333e-005,7.72526e-005,0,0.000282712,0.000269973,3.94482e-005
3.61608e-005,2.05459e-006,2.21896e-005,6.65688e-005,0,0.000290108,0.000362019,3.90372e-005
5.5063e-005,2.05459e-006,2.21896e-005,6.57469e-005,0,0.000280657,0.000225594,3.98591e-005
7.80745e-006,2.46551e-006,2.26005e-005,4.39683e-005,4.10918e-007,0.000551863,0.000455708,5.34194e-005
0.000140123,8.21837e-007,1.47931e-005,2.13678e-005,4.10918e-007,0.000301614,0.00024614,4.31464e-005
2.75315e-005,2.05459e-006,2.46551e-005,7.10889e-005,0,0.000283123,0.000231347,3.78045e-005
7.39653e-006,2.46551e-006,2.34223e-005,6.94452e-005,0,0.000282301,0.000231347,3.73936e-005
0.000197241,2.05459e-006,1.97241e-005,1.80804e-005,0,0.000274082,0.000265042,3.65717e-005
1.64367e-006,8.21837e-007,1.97241e-005,1.89022e-005,0,0.000438861,0.000356677,4.027e-005
2.71206e-005,2.87643e-006,2.62988e-005,7.27325e-005,0,0.000304901,0.000244085,3.98591e-005
6.57469e-006,2.87643e-006,2.46551e-005,7.10889e-005,0,0.000276548,0.000225183,3.69826e-005
7.39653e-006,2.46551e-006,2.30114e-005,6.90343e-005,4.10918e-007,0.000292574,0.000272439,3.94482e-005
0.00026381,4.10918e-007,8.21837e-006,1.84913e-005,4.10918e-007,0.000316407,0.000248606,3.82154e-005
7.39653e-006,2.05459e-006,1.80804e-005,6.16377e-005,0,0.000272028,0.000256413,3.45171e-005
6.57469e-006,2.46551e-006,2.17787e-005,6.82124e-005,0,0.000298738,0.000240387,3.86263e-005
3.69826e-005,1.23275e-006,1.23275e-005,2.38333e-005,0,0.000287232,0.000236689,3.94482e-005
7.39653e-006,2.87643e-006,2.75315e-005,7.14998e-005,0,0.000284355,0.000237922,3.69826e-005
0.000260933,8.21837e-007,9.0402e-006,1.84913e-005,4.10918e-007,0.000276959,0.000225594,3.73936e-005
8.13618e-005,4.10918e-007,7.80745e-006,1.89022e-005,0,0.000307367,0.000238744,3.94482e-005
0.000155327,4.10918e-007,8.21837e-006,2.21896e-005,0,0.000273672,0.000251482,3.82154e-005
6.98561e-006,2.05459e-006,2.05459e-005,6.41032e-005,0,0.000274904,0.000221485,3.49281e-005
3.32844e-005,2.46551e-006,2.26005e-005,4.27355e-005,0,0.000284355,0.000241209,3.57499e-005
0.000258468,4.10918e-007,6.16377e-006,3.32844e-005,0,0.00027285,0.000226005,3.78045e-005
7.39653e-006,2.46551e-006,2.30114e-005,6.73906e-005,0,0.000301203,0.000248195,3.86263e-005
7.80745e-006,2.87643e-006,2.5066e-005,7.47871e-005,0,0.000285177,0.000315585,3.61608e-005
2.83534e-005,2.46551e-006,2.30114e-005,7.93072e-005,0,0.000284355,0.000235867,3.57499e-005
1.5204e-005,2.05459e-006,2.26005e-005,7.64308e-005,0,0.000274493,0.000221485,3.5339e-005
5.87613e-005,2.05459e-006,2.0135e-005,6.86233e-005,0,0.000279014,0.000235045,3.5339e-005
6.57469e-006,2.46551e-006,2.30114e-005,4.31464e-005,0,0.00036695,0.00023258,3.65717e-005
0.000248195,4.10918e-007,6.57469e-006,1.80804e-005,0,0.000297916,0.000245318,3.82154e-005
6.16377e-006,2.46551e-006,1.89022e-005,8.42382e-005,0,0.000279014,0.000260933,3.57499e-005
7.80745e-006,2.46551e-006,2.17787e-005,6.5336e-005,0,0.000273261,0.000221074,3.5339e-005
7.39653e-006,4.10918e-007,6.57469e-006,9.86204e-006,0,0.000297094,0.000245318,3.82154e-005
3.36953e-005,2.05459e-006,2.62988e-005,2.30114e-005,0,0.000662811,0.000373525,3.90372e-005
3.20516e-005,2.46551e-006,2.17787e-005,5.38303e-005,0,0.0003086,0.000242853,3.90372e-005
0.000118755,2.05459e-006,2.17787e-005,2.83534e-005,4.10918e-007,0.000293396,0.00024162,3.90372e-005
6.57469e-006,2.46551e-006,2.26005e-005,5.75286e-005,0,0.000274082,0.000309832,3.57499e-005
6.98561e-006,2.05459e-006,1.97241e-005,6.28705e-005,0,0.000280657,0.000228471,3.5339e-005
6.16377e-006,2.46551e-006,1.89022e-005,4.06809e-005,0,0.00031312,0.000275315,0.000212034
0.000106428,8.21837e-007,9.45112e-006,2.58878e-005,4.10918e-007,0.000296272,0.000250249,3.94482e-005
0.000155327,8.21837e-007,7.39653e-006,1.84913e-005,4.10918e-007,0.000275726,0.000226827,3.94482e-005
6.57469e-006,2.46551e-006,2.42442e-005,7.84854e-005,0,0.00027737,0.000226827,3.57499e-005
0.000238744,4.10918e-007,6.57469e-006,1.76695e-005,0,0.000295861,0.000316818,3.82154e-005
0.000216554,4.10918e-007,7.39653e-006,1.76695e-005,0,0.000316818,0.000236278,3.86263e-005
1.93132e-005,4.10918e-007,7.39653e-006,1.84913e-005,0,0.000300792,0.000260111,3.86263e-005
7.80745e-006,2.46551e-006,2.34223e-005,6.98561e-005,4.10918e-007,0.000274493,0.000226416,3.65717e-005
6.57469e-006,2.46551e-006,2.21896e-005,6.86233e-005,0,0.000283945,0.000239565,3.61608e-005
0.000251893,8.21837e-007,1.72586e-005,2.21896e-005,0,0.000301203,0.000243675,3.98591e-005
2.75315e-005,2.05459e-006,2.34223e-005,7.06779e-005,0,0.000420369,0.000428177,3.94482e-005
6.98561e-006,2.46551e-006,2.21896e-005,6.78015e-005,0,0.000283534,0.000239565,3.78045e-005
8.21837e-006,2.05459e-006,2.46551e-005,7.31434e-005,0,0.000277781,0.000226827,3.69826e-005
6.98561e-006,2.87643e-006,2.21896e-005,6.98561e-005,4.10918e-007,0.000295039,0.000242442,3.94482e-005
1.97241e-005,2.05459e-006,2.38333e-005,6.86233e-005,0,0.000275726,0.000227649,3.61608e-005
6.98561e-006,2.87643e-006,2.21896e-005,6.65688e-005,0,0.000384209,0.000441326,4.027e-005
7.39653e-006,2.05459e-006,2.42442e-005,6.61578e-005,4.10918e-007,0.000284355,0.000224361,3.57499e-005
6.98561e-006,2.05459e-006,2.13678e-005,6.65688e-005,0,0.000283534,0.000238744,3.5339e-005
7.80745e-006,2.05459e-006,2.46551e-005,5.13648e-005,0,0.000276137,0.000224772,3.61608e-005
0.000249838,4.10918e-007,7.80745e-006,1.80804e-005,0,0.000284355,0.000232169,3.73936e-005
6.57469e-006,2.87643e-006,2.09568e-005,5.71176e-005,4.10918e-007,0.000431464,0.000483651,3.94482e-005
2.05459e-006,8.21837e-007,2.38333e-005,2.21896e-005,0,0.000306956,0.000272028,4.06809e-005
7.39653e-006,2.46551e-006,2.54769e-005,7.14998e-005,0,0.000288876,0.000234634,3.69826e-005
2.71206e-005,2.05459e-006,2.26005e-005,4.56119e-005,0,0.000274904,0.000221485,3.57499e-005
7.39653e-006,2.46551e-006,2.34223e-005,4.35573e-005,0,0.000283123,0.00023258,3.78045e-005
7.39653e-006,2.46551e-006,2.13678e-005,7.43762e-005,0,0.000523921,0.000246551,3.90372e-005
0.000221896,8.21837e-007,8.62928e-006,2.0135e-005,4.10918e-007,0.000300792,0.000246551,3.90372e-005
0.000198063,4.10918e-007,9.0402e-006,2.13678e-005,0,0.000302436,0.000281068,4.027e-005
7.39653e-006,2.46551e-006,2.34223e-005,6.90343e-005,4.10918e-007,0.000276548,0.000224772,3.61608e-005
0.000238333,8.21837e-007,6.57469e-006,2.13678e-005,0,0.000297505,0.000241209,3.90372e-005
7.39653e-006,2.05459e-006,2.17787e-005,6.73906e-005,4.10918e-007,0.00032216,0.000243264,3.82154e-005
0.000162724,1.23275e-006,6.98561e-006,1.06839e-005,4.10918e-007,0.00028189,0.000253537,3.82154e-005
8.21837e-006,2.46551e-006,2.26005e-005,6.94452e-005,0,0.000274493,0.000232991,3.69826e-005
7.80745e-006,2.46551e-006,2.54769e-005,7.97181e-005,0,0.000283945,0.000274493,3.86263e-005
0.000269973,8.21837e-007,6.98561e-006,2.0135e-005,0,0.000275726,0.000243675,3.90372e-005
1.64367e-006,4.10918e-007,6.57469e-006,1.72586e-005,0,0.000274904,0.000219841,3.82154e-005
9.77985e-005,8.21837e-007,1.15057e-005,1.10948e-005,0,0.000315996,0.000254358,3.98591e-005
0.00017464,8.21837e-007,1.5204e-005,1.76695e-005,0,0.000274082,0.000258468,3.61608e-005
7.80745e-006,2.46551e-006,2.26005e-005,6.78015e-005,0,0.000283123,0.000297916,3.90372e-005
9.0402e-006,2.46551e-006,2.30114e-005,6.65688e-005,0,0.000274904,0.000223129,4.31464e-005
9.45112e-006,2.46551e-006,2.05459e-005,7.06779e-005,0,0.000400645,0.000314352,3.90372e-005
2.62988e-005,2.46551e-006,2.38333e-005,4.10918e-005,0,0.000282712,0.000237922,3.57499e-005
7.39653e-006,2.46551e-006,2.17787e-005,6.90343e-005,0,0.000291752,0.00022395,3.61608e-005
7.39653e-006,2.46551e-006,2.21896e-005,6.78015e-005,4.10918e-007,0.000286821,0.000237511,3.61608e-005
0.000306134,8.21837e-007,6.16377e-006,2.09568e-005,0,0.000273261,0.000249838,3.78045e-005
6.65688e-005,2.46551e-006,2.21896e-005,2.30114e-005,0,0.000415027,0.000388318,3.90372e-005
1.89022e-005,2.05459e-006,2.09568e-005,6.69797e-005,0,0.000312298,0.00022354,4.35573e-005
7.39653e-006,2.05459e-006,1.97241e-005,6.45142e-005,4.10918e-007,0.000274082,0.000222718,3.49281e-005
1.76695e-005,2.05459e-006,2.30114e-005,6.78015e-005,0,0.000284355,0.0002371,3.65717e-005
7.39653e-006,2.05459e-006,2.34223e-005,6.82124e-005,4.10918e-007,0.000274082,0.000223129,3.5339e-005
6.57469e-006,2.46551e-006,2.09568e-005,6.69797e-005,0,0.000303258,0.000270384,3.61608e-005
8.21837e-006,2.46551e-006,2.17787e-005,6.45142e-005,0,0.000282301,0.000229703,3.65717e-005
0.000122454,2.05459e-006,2.13678e-005,1.80804e-005,4.10918e-007,0.000299148,0.000243675,3.78045e-005
2.79424e-005,2.46551e-006,6.0405e-005,4.60228e-005,4.10918e-007,0.000275315,0.00022395,3.5339e-005
0.0002371,4.10918e-007,6.98561e-006,1.76695e-005,0,0.000300381,0.000242853,3.86263e-005
3.94482e-005,2.05459e-006,2.13678e-005,5.5474e-005,0,0.000412151,0.000243675,3.90372e-005
6.57469e-006,2.46551e-006,2.0135e-005,6.41032e-005,0,0.000297916,0.000274493,3.86263e-005
2.34223e-005,2.46551e-006,2.26005e-005,6.78015e-005,0,0.00028189,0.0002371,3.61608e-005
1.93132e-005,2.46551e-006,2.38333e-005,6.5336e-005,0,0.000274493,0.000224361,3.61608e-005
0.000214499,8.21837e-007,6.16377e-006,1.68476e-005,0,0.000296683,0.000244907,3.82154e-005
1.5204e-005,2.05459e-006,2.0135e-005,6.32814e-005,0,0.00053255,0.000358732,3.90372e-005
4.15027e-005,8.21837e-007,6.98561e-006,1.72586e-005,0,0.000280246,0.000285177,3.86263e-005
0.000214088,4.10918e-007,6.98561e-006,1.60258e-005,0,0.000273261,0.000233402,3.61608e-005
2.05459e-006,8.21837e-007,9.0402e-006,2.34223e-005,0,0.000302025,0.000246551,3.98591e-005
0.000193132,8.21837e-007,7.80745e-006,1.72586e-005,0,0.000283945,0.000231347,3.94482e-005
2.05459e-006,8.21837e-007,7.80745e-006,2.9997e-005,0,0.000496389,0.000422013,3.90372e-005
0.000161491,8.21837e-007,7.80745e-006,1.06839e-005,4.10918e-007,0.000292985,0.000229292,3.90372e-005
6.57469e-006,2.46551e-006,2.17787e-005,6.69797e-005,0,0.000274904,0.000253126,3.65717e-005
8.21837e-006,2.87643e-006,2.13678e-005,6.86233e-005,0,0.000272439,0.000254358,3.57499e-005
0.000113413,2.46551e-006,1.89022e-005,1.80804e-005,0,0.000287643,0.000260933,3.86263e-005
5.34194e-005,8.21837e-007,6.98561e-006,2.58878e-005,0,0.00046557,0.000343528,3.94482e-005
1.72586e-005,2.46551e-006,2.21896e-005,6.94452e-005,0,0.000281068,0.000232169,3.57499e-005
6.98561e-006,2.46551e-006,2.26005e-005,6.82124e-005,0,0.000274493,0.000218609,3.65717e-005
1.89022e-005,2.05459e-006,2.26005e-005,4.15027e-005,0,0.000282712,0.000267919,3.57499e-005
0.000210801,4.10918e-007,6.98561e-006,1.80804e-005,4.10918e-007,0.000274082,0.000223129,3.82154e-005
2.21896e-005,8.21837e-007,6.98561e-006,1.76695e-005,0,0.000273672,0.000222307,3.61608e-005
7.39653e-006,2.05459e-006,2.26005e-005,6.78015e-005,0,0.000283534,0.000237511,3.5339e-005
3.82154e-005,2.46551e-006,2.05459e-005,6.57469e-005,0,0.000274904,0.00022395,3.57499e-005
2.87643e-006,1.23275e-006,1.19166e-005,2.42442e-005,4.10918e-007,0.000306545,0.000245318,3.90372e-005
0.000270795,8.21837e-007,1.97241e-005,2.71206e-005,0,0.000277781,0.000250249,4.027e-005
7.80745e-006,2.87643e-006,2.30114e-005,6.98561e-005,4.10918e-007,0.000300381,0.000235456,3.65717e-005
0.000194775,2.46551e-006,2.42442e-005,1.15057e-005,0,0.000300381,0.000244085,3.98591e-005
6.98561e-006,2.46551e-006,2.26005e-005,7.0267e-005,0,0.000300792,0.000246551,4.23246e-005
7.80745e-006,2.87643e-006,2.79424e-005,5.58849e-005,0,0.000276548,0.00022395,3.61608e-005
2.91752e-005,2.05459e-006,2.21896e-005,4.5201e-005,0,0.000282712,0.000263399,3.69826e-005
6.57469e-006,2.05459e-006,2.09568e-005,6.61578e-005,0,0.000433519,0.000250249,3.86263e-005
6.98561e-006,2.05459e-006,2.17787e-005,6.57469e-005,0,0.000298738,0.000242853,3.82154e-005
7.39653e-006,4.10918e-007,8.21837e-006,1.84913e-005,0,0.000300792,0.000243675,3.90372e-005
2.30114e-005,2.46551e-006,2.17787e-005,6.57469e-005,4.10918e-007,0.000274904,0.00022354,3.5339e-005
0.000164778,8.21837e-007,1.5204e-005,2.17787e-005,0,0.00029997,0.000241209,3.90372e-005
7.39653e-006,2.05459e-006,2.13678e-005,4.10918e-005,0,0.000275726,0.000343117,3.61608e-005
0.000193542,4.10918e-007,6.57469e-006,1.72586e-005,0,0.000282301,0.000228471,3.61608e-005
6.98561e-006,2.46551e-006,2.30114e-005,6.90343e-005,0,0.00028189,0.000238333,3.57499e-005
7.39653e-006,2.46551e-006,2.30114e-005,6.69797e-005,0,0.000276548,0.000232991,3.78045e-005
7.80745e-006,2.46551e-006,2.30114e-005,6.90343e-005,4.10918e-007,0.000282712,0.000230525,3.73936e-005
2.05459e-006,8.21837e-007,1.0273e-005,2.26005e-005,0,0.000351335,0.000247373,4.06809e-005
2.05459e-006,4.10918e-007,1.80804e-005,2.13678e-005,0,0.000292163,0.000302025,3.90372e-005
3.86263e-005,2.05459e-006,2.17787e-005,6.5336e-005,0,0.00028189,0.000230525,3.61608e-005
6.98561e-006,2.46551e-006,2.26005e-005,6.45142e-005,4.10918e-007,0.000293396,0.000232169,3.73936e-005
1.97241e-005,2.05459e-006,2.17787e-005,6.5336e-005,0,0.000283534,0.000231347,3.86263e-005
3.69826e-006,8.21837e-007,9.45112e-006,2.42442e-005,4.10918e-007,0.000506251,0.000235456,3.94482e-005
0.000149163,8.21837e-007,8.21837e-006,1.80804e-005,4.10918e-007,0.00029093,0.000232169,3.90372e-005
3.28735e-006,8.21837e-007,1.5204e-005,2.62988e-005,0,0.000283123,0.000262988,3.86263e-005
3.28735e-006,8.21837e-007,1.43821e-005,2.83534e-005,0,0.000291752,0.000232991,3.90372e-005
2.87643e-006,8.21837e-007,2.62988e-005,2.75315e-005,0,0.000283945,0.000231347,3.61608e-005
3.28735e-006,8.21837e-007,1.06839e-005,4.39683e-005,0,0.000289697,0.00023258,3.61608e-005
4.10918e-006,4.10918e-007,1.23275e-005,3.36953e-005,0,0.000288465,0.000227238,3.65717e-005
3.28735e-006,8.21837e-007,1.31494e-005,2.91752e-005,4.10918e-007,0.000315174,0.00026422,3.61608e-005
2.17787e-005,8.21837e-007,1.23275e-005,2.54769e-005,0,0.000303258,0.000274493,3.78045e-005
2.46551e-006,4.10918e-007,8.21837e-006,3.24625e-005,0,0.000290108,0.000244085,3.61608e-005
2.38333e-005,8.21837e-007,1.43821e-005,3.57499e-005,0,0.000515292,0.000482007,4.027e-005
1.15057e-005,2.46551e-006,2.34223e-005,8.25946e-005,0,0.000290108,0.000240387,3.78045e-005
0.000156971,8.21837e-007,8.21837e-006,2.30114e-005,0,0.000309011,0.000251893,3.86263e-005
1.0273e-005,8.21837e-007,1.15057e-005,1.10948e-005,0,0.000306134,0.000301203,3.73936e-005
9.49221e-005,8.21837e-007,1.06839e-005,2.42442e-005,0,0.000306134,0.000250249,3.94482e-005
3.28735e-006,8.21837e-007,1.19166e-005,2.17787e-005,0,0.000410918,0.00072034,4.027e-005
2.05459e-006,8.21837e-007,8.62928e-006,2.17787e-005,4.10918e-007,0.000300792,0.000267508,4.23246e-005
1.64367e-006,8.21837e-007,9.0402e-006,1.93132e-005,0,0.000339008,0.000249427,3.98591e-005
1.64367e-006,4.10918e-007,1.97241e-005,1.80804e-005,4.10918e-007,0.00029545,0.000283534,4.027e-005
7.80745e-006,8.21837e-007,6.57469e-006,1.76695e-005,0,0.0003086,0.000347637,4.027e-005
4.10918e-006,4.10918e-007,8.21837e-006,2.34223e-005,0,0.000494746,0.000435984,4.06809e-005
6.98561e-006,2.05459e-006,2.54769e-005,5.46521e-005,0,0.000306134,0.0002597,4.35573e-005
0.00018368,8.21837e-007,8.21837e-006,1.15057e-005,0,0.000323804,0.000253126,4.76665e-005
6.98561e-006,2.46551e-006,2.34223e-005,7.80745e-005,0,0.00030408,0.000267919,4.027e-005
3.86263e-005,2.05459e-006,2.21896e-005,6.61578e-005,0,0.000300792,0.000259289,4.10918e-005
6.98561e-006,2.05459e-006,2.09568e-005,6.78015e-005,0,0.000318873,0.000299148,4.06809e-005
6.98561e-006,8.21837e-007,6.57469e-006,1.84913e-005,0,0.000313942,0.000268741,3.90372e-005
6.57469e-006,8.21837e-007,8.21837e-006,2.67097e-005,4.10918e-007,0.000283534,0.000253947,3.94482e-005
7.39653e-006,2.05459e-006,2.75315e-005,6.94452e-005,0,0.000290108,0.000281479,4.10918e-005
0.00026833,1.23275e-006,8.21837e-006,2.13678e-005,0,0.000284766,0.000258879,4.06809e-005
2.46551e-006,1.23275e-006,1.64367e-005,3.49281e-005,0,0.000313531,0.000298327,4.19137e-005
0.000110948,1.23275e-006,1.0273e-005,2.34223e-005,0,0.000306545,0.000248606,5.38303e-005
7.80745e-006,2.46551e-006,2.54769e-005,4.60228e-005,0,0.000278192,0.000224772,4.47901e-005
7.39653e-006,2.46551e-006,2.34223e-005,7.0267e-005,4.10918e-007,0.000276137,0.000224772,3.65717e-005
7.39653e-006,2.46551e-006,2.09568e-005,8.71147e-005,4.10918e-007,0.000284766,0.000235045,3.65717e-005
0.000235045,4.10918e-007,6.98561e-006,1.06839e-005,4.10918e-007,0.000275315,0.000224772,3.86263e-005
6.61578e-005,2.46551e-006,2.21896e-005,3.78045e-005,0,0.000296683,0.000395303,3.94482e-005
0.000164778,8.21837e-007,1.43821e-005,1.72586e-005,4.10918e-007,0.000274493,0.000222718,4.39683e-005
7.39653e-006,2.46551e-006,2.30114e-005,7.06779e-005,4.10918e-007,0.00030408,0.000265453,4.10918e-005
0.000203815,4.10918e-007,6.57469e-006,1.68476e-005,0,0.000286821,0.000242853,3.57499e-005
6.98561e-006,2.46551e-006,2.17787e-005,6.20487e-005,0,0.000325858,0.000247373,4.64338e-005
6.98561e-006,2.46551e-006,1.97241e-005,4.06809e-005,0,0.00029093,0.000235045,3.57499e-005
6.57469e-006,2.46551e-006,2.09568e-005,1.97241e-005,0,0.000289697,0.000262166,3.61608e-005
1.97241e-005,2.05459e-006,2.38333e-005,6.5336e-005,0,0.000284355,0.000237922,3.57499e-005
7.80745e-006,4.10918e-007,6.98561e-006,2.46551e-005,0,0.000283534,0.000230114,3.65717e-005
5.79395e-005,2.46551e-006,5.87613e-005,2.0135e-005,0,0.000551863,0.000403933,4.027e-005
2.46551e-005,2.46551e-006,2.26005e-005,7.43762e-005,0,0.00027737,0.000223129,3.61608e-005
0.00011629,2.46551e-006,3.41062e-005,1.76695e-005,0,0.000300381,0.000244085,3.90372e-005
7.39653e-006,2.46551e-006,2.13678e-005,7.60199e-005,0,0.000276548,0.000331611,3.57499e-005
7.39653e-006,2.46551e-006,2.09568e-005,6.5336e-005,0,0.000274904,0.00022395,3.5339e-005
7.80745e-006,2.46551e-006,2.09568e-005,6.78015e-005,0,0.000282301,0.000251893,3.65717e-005
8.95802e-005,2.05459e-006,2.05459e-005,4.31464e-005,0,0.000296683,0.000239565,3.86263e-005
6.57469e-006,2.46551e-006,2.13678e-005,6.69797e-005,0,0.000284355,0.000233812,3.57499e-005
7.80745e-006,2.46551e-006,2.62988e-005,4.76665e-005,0,0.000279014,0.000263399,3.73936e-005
0.000236689,4.10918e-007,6.98561e-006,2.17787e-005,0,0.000292163,0.000238744,3.86263e-005
6.57469e-006,2.05459e-006,2.38333e-005,6.61578e-005,0,0.000322571,0.000242442,3.86263e-005
7.39653e-006,4.10918e-007,7.80745e-006,1.89022e-005,0,0.000338186,0.000251482,3.82154e-005
4.64338e-005,2.05459e-006,2.17787e-005,7.84854e-005,0,0.000283945,0.000234223,3.61608e-005
6.98561e-006,2.46551e-006,2.38333e-005,6.94452e-005,0,0.00027737,0.000220252,3.65717e-005
7.39653e-006,2.46551e-006,2.46551e-005,4.19137e-005,4.10918e-007,0.000283123,0.000272028,3.61608e-005
6.57469e-006,2.05459e-006,2.17787e-005,6.98561e-005,4.10918e-007,0.00107085,0.000327091,3.90372e-005
7.76635e-005,4.10918e-007,7.39653e-006,1.93132e-005,0,0.000273672,0.000224361,3.90372e-005
6.57469e-006,2.46551e-006,2.21896e-005,6.90343e-005,0,0.000282301,0.000230525,3.5339e-005
6.57469e-006,2.05459e-006,2.09568e-005,7.93072e-005,0,0.000295039,0.000226827,3.98591e-005
0.000195597,4.10918e-007,6.98561e-006,1.68476e-005,0,0.000272439,0.000260111,3.65717e-005
1.0273e-005,2.46551e-006,2.34223e-005,4.06809e-005,0,0.000274904,0.000285999,3.69826e-005
0.000154094,4.10918e-007,6.16377e-006,2.0135e-005,0,0.000299559,0.000237922,3.90372e-005
6.57469e-006,2.46551e-006,2.17787e-005,6.73906e-005,0,0.000274082,0.00022354,3.61608e-005
6.98561e-006,2.05459e-006,1.97241e-005,6.28705e-005,0,0.000279014,0.000230525,3.65717e-005
0.000213678,2.46551e-006,2.26005e-005,6.5336e-005,0,0.000301614,0.000226416,3.90372e-005
6.98561e-006,2.05459e-006,2.26005e-005,0.000122454,0,0.000415438,0.000265042,0.000158614
7.80745e-006,2.87643e-006,2.87643e-005,7.35544e-005,0,0.000302436,0.000274493,3.78045e-005
0.000115468,4.10918e-007,8.62928e-006,2.62988e-005,0,0.000275726,0.00022354,3.61608e-005
8.21837e-006,2.46551e-006,2.30114e-005,6.94452e-005,0,0.000284766,0.000239154,3.57499e-005
8.42382e-005,2.46551e-006,2.17787e-005,3.86263e-005,0,0.000299148,0.000240387,3.82154e-005
0.00024614,4.10918e-007,6.16377e-006,1.76695e-005,0,0.000281479,0.000226827,3.61608e-005
4.39683e-005,2.46551e-006,2.42442e-005,4.47901e-005,0,0.00029997,0.000245729,3.82154e-005
9.45112e-006,2.46551e-006,2.21896e-005,7.47871e-005,4.10918e-007,0.00028189,0.000311476,3.65717e-005
6.98561e-006,2.05459e-006,2.21896e-005,6.86233e-005,0,0.000337775,0.000256824,4.43792e-005
0.000110537,1.23275e-006,1.84913e-005,2.30114e-005,0,0.000374347,0.000230114,6.08159e-005
7.39653e-006,2.87643e-006,2.79424e-005,7.60199e-005,0,0.00032216,0.000268741,4.10918e-005
7.39653e-006,1.15057e-005,2.54769e-005,3.36953e-005,0,0.000290108,0.000231347,3.82154e-005
7.10889e-005,2.05459e-006,3.86263e-005,1.89022e-005,0,0.000282712,0.000300792,3.57499e-005
5.05429e-005,2.46551e-006,2.30114e-005,7.35544e-005,4.10918e-007,0.000284355,0.000230525,3.73936e-005
3.08189e-005,2.87643e-006,2.13678e-005,6.45142e-005,4.10918e-007,0.000283123,0.000230936,3.61608e-005
2.17787e-005,2.05459e-006,2.13678e-005,6.41032e-005,0,0.000299148,0.000249016,4.06809e-005
3.16407e-005,1.23275e-006,1.10948e-005,2.38333e-005,0,0.000277781,0.000239154,3.73936e-005
2.71206e-005,2.87643e-006,2.42442e-005,7.0267e-005,0,0.000283534,0.000238744,3.5339e-005
7.39653e-006,2.46551e-006,2.0135e-005,6.69797e-005,4.10918e-007,0.000273672,0.000301614,3.65717e-005
0.000280657,4.10918e-007,6.57469e-006,1.76695e-005,4.10918e-007,0.000281479,0.000246551,3.90372e-005
7.80745e-005,4.10918e-007,6.16377e-006,1.68476e-005,0,0.000274082,0.00022395,3.65717e-005
0.000188201,4.10918e-007,7.80745e-006,1.89022e-005,0,0.000282712,0.000235456,3.86263e-005
7.76635e-005,8.21837e-007,6.98561e-006,1.97241e-005,0,0.000274082,0.00021943,3.78045e-005
7.80745e-006,2.46551e-006,2.17787e-005,6.65688e-005,0,0.000274493,0.000219841,3.61608e-005
6.98561e-006,2.05459e-006,2.05459e-005,6.41032e-005,0,0.000281068,0.000333255,3.86263e-005
3.73936e-005,2.46551e-006,4.56119e-005,1.10948e-005,4.10918e-007,0.00083663,0.000266275,3.90372e-005
8.21837e-006,2.46551e-006,2.09568e-005,6.82124e-005,0,0.000295039,0.000239154,3.86263e-005
0.000244907,2.05459e-006,2.67097e-005,1.60258e-005,0,0.00027285,0.000224772,3.82154e-005
7.39653e-006,2.46551e-006,2.13678e-005,6.45142e-005,0,0.000276548,0.000224772,3.57499e-005
0.000257646,4.10918e-007,6.16377e-006,1.64367e-005,4.10918e-007,0.000281068,0.000236689,4.60228e-005
4.97211e-005,2.05459e-006,1.93132e-005,2.91752e-005,0,0.000318462,0.000301614,8.99911e-005
1.43821e-005,2.46551e-006,2.42442e-005,6.94452e-005,0,0.000284766,0.000238333,3.69826e-005
6.98561e-006,2.05459e-006,2.17787e-005,6.36923e-005,4.10918e-007,0.000273672,0.00022354,3.5339e-005
6.98561e-006,2.05459e-006,2.17787e-005,8.09509e-005,0,0.000306134,0.000235045,3.57499e-005
7.39653e-006,4.10918e-007,6.16377e-006,2.38333e-005,0,0.000274493,0.000218609,3.49281e-005
8.21837e-006,2.46551e-006,2.21896e-005,4.06809e-005,0,0.000276137,0.000256413,3.57499e-005
0.000278603,8.21837e-007,6.98561e-006,1.89022e-005,4.10918e-007,0.000283534,0.000229703,3.65717e-005
8.21837e-006,2.46551e-006,2.21896e-005,6.82124e-005,0,0.000274904,0.00022354,3.49281e-005
1.89022e-005,2.05459e-006,2.0135e-005,7.27325e-005,0,0.000283123,0.0002371,3.61608e-005
7.39653e-006,2.46551e-006,2.17787e-005,8.17727e-005,0,0.000274904,0.000218609,3.5339e-005
6.57469e-006,2.46551e-006,2.05459e-005,6.5336e-005,0,0.00068911,0.00026833,3.94482e-005
1.68476e-005,2.05459e-006,2.26005e-005,4.27355e-005,0,0.000289286,0.00026381,3.65717e-005
6.57469e-006,2.46551e-006,2.0135e-005,6.57469e-005,0,0.000285588,0.000230114,3.57499e-005
7.39653e-006,2.46551e-006,2.30114e-005,4.68447e-005,0,0.000299559,0.000245729,3.86263e-005
0.000259289,4.10918e-007,6.98561e-006,1.80804e-005,0,0.00030449,0.000243675,3.82154e-005
6.16377e-006,2.05459e-006,1.89022e-005,8.5471e-005,0,0.00042941,0.000391605,3.90372e-005
7.39653e-006,2.46551e-006,2.38333e-005,6.73906e-005,0,0.000302847,0.000246551,3.86263e-005
9.86204e-006,2.46551e-006,2.30114e-005,4.35573e-005,0,0.000282301,0.000333666,3.86263e-005
4.93102e-005,2.46551e-006,2.21896e-005,5.99941e-005,0,0.000274493,0.00022395,3.61608e-005
7.80745e-006,2.05459e-006,2.09568e-005,6.36923e-005,0,0.000281068,0.000242442,3.5339e-005
6.98561e-006,2.05459e-006,2.0135e-005,6.5336e-005,0,0.00078321,0.00028641,4.027e-005
0.000184091,4.10918e-007,6.98561e-006,4.84884e-005,0,0.000276137,0.0002371,3.86263e-005
0.000213267,4.10918e-007,7.80745e-006,1.0273e-005,4.10918e-007,0.000302025,0.000255591,4.027e-005
7.80745e-006,2.46551e-006,2.21896e-005,6.94452e-005,0,0.00029093,0.000288876,3.65717e-005
0.000226827,4.10918e-007,7.39653e-006,2.5066e-005,0,0.000282712,0.000235045,3.94482e-005
0.000151629,4.10918e-007,6.16377e-006,1.80804e-005,0,0.000466392,0.00022395,3.82154e-005
0.000256824,4.10918e-007,6.57469e-006,2.09568e-005,0,0.00028189,0.000231347,3.86263e-005
6.57469e-006,2.46551e-006,2.46551e-005,5.67067e-005,0,0.000292163,0.000220252,3.57499e-005
6.98561e-006,2.05459e-006,2.13678e-005,4.31464e-005,0,0.000274082,0.00032668,3.86263e-005
0.000260522,4.10918e-007,6.98561e-006,1.84913e-005,0,0.000283945,0.000242853,3.82154e-005
6.98561e-006,2.46551e-006,2.30114e-005,6.86233e-005,0,0.000383798,0.000239976,3.90372e-005
7.39653e-006,2.46551e-006,4.68447e-005,2.09568e-005,0,0.000282712,0.000237511,3.65717e-005
0.000255591,8.21837e-007,6.98561e-006,1.68476e-005,0,0.000272439,0.000223129,4.31464e-005
8.21837e-006,2.46551e-006,2.34223e-005,7.88963e-005,0,0.000285177,0.000236278,3.73936e-005
7.80745e-006,2.46551e-006,2.67097e-005,6.78015e-005,0,0.000276959,0.000336953,3.57499e-005
0.000229292,4.10918e-007,6.98561e-006,1.64367e-005,4.10918e-007,0.000276548,0.00024162,3.57499e-005
6.98561e-006,2.46551e-006,2.21896e-005,6.82124e-005,4.10918e-007,0.000300381,0.000230936,3.61608e-005
3.69826e-005,2.46551e-006,8.38273e-005,6.69797e-005,0,0.000273672,0.000222718,3.49281e-005
6.57469e-006,2.05459e-006,2.05459e-005,6.5336e-005,4.10918e-007,0.000282712,0.000229292,3.5339e-005
0.00026422,4.10918e-007,6.16377e-006,1.68476e-005,0,0.000297094,0.000243264,3.73936e-005
6.57469e-006,2.05459e-006,1.97241e-005,6.24596e-005,4.10918e-007,0.000408042,0.00037147,3.86263e-005
7.80745e-006,2.46551e-006,2.30114e-005,6.65688e-005,0,0.000273261,0.000222718,4.43792e-005
6.57469e-006,2.05459e-006,2.0135e-005,6.32814e-005,0,0.000285177,0.000229292,3.61608e-005
6.98561e-006,8.21837e-007,7.39653e-006,2.13678e-005,0,0.000283945,0.000226827,3.73936e-005
7.39653e-006,2.46551e-006,2.30114e-005,7.39653e-005,4.10918e-007,0.000273261,0.00021943,3.5339e-005
1.84913e-005,2.05459e-006,2.17787e-005,4.027e-005,0,0.000390372,0.000768006,3.94482e-005
7.80745e-006,2.46551e-006,2.38333e-005,6.98561e-005,0,0.00027285,0.000287643,3.90372e-005
0.000114235,2.46551e-006,2.9997e-005,1.76695e-005,0,0.000279835,0.000231347,3.65717e-005
7.80745e-006,2.05459e-006,2.30114e-005,6.61578e-005,0,0.000276137,0.00022354,3.65717e-005
0.000194364,8.21837e-007,7.80745e-006,1.84913e-005,0,0.000284355,0.000250249,3.94482e-005
0.000168066,4.10918e-007,1.39712e-005,1.89022e-005,0,0.000345582,0.000244907,3.90372e-005
7.39653e-006,8.21837e-007,6.98561e-006,1.68476e-005,0,0.000284355,0.000253947,3.69826e-005
2.17787e-005,2.05459e-006,2.17787e-005,6.86233e-005,0,0.000290519,0.000237922,3.86263e-005
6.12268e-005,2.46551e-006,2.5066e-005,3.78045e-005,4.10918e-007,0.000287232,0.000224361,3.57499e-005
0.000233402,8.21837e-007,6.57469e-006,1.97241e-005,0,0.000278192,0.000232991,3.86263e-005
7.39653e-006,2.05459e-006,2.05459e-005,6.12268e-005,0,0.00042078,0.000224772,3.86263e-005
6.98561e-006,4.10918e-007,7.80745e-006,1.10948e-005,0,0.000282712,0.000237511,3.82154e-005
2.5066e-005,8.21837e-007,6.98561e-006,2.30114e-005,4.10918e-007,0.00028189,0.000256413,3.61608e-005
2.71206e-005,2.05459e-006,2.13678e-005,8.71147e-005,0,0.000283945,0.000225183,3.73936e-005
0.000199295,4.10918e-007,7.39653e-006,1.06839e-005,0,0.000282301,0.000236278,3.98591e-005
6.98561e-006,2.46551e-006,2.05459e-005,6.90343e-005,4.10918e-007,0.000972644,0.000380921,3.90372e-005
7.39653e-006,2.05459e-006,2.17787e-005,8.38273e-005,4.10918e-007,0.000282301,0.000233402,3.5339e-005
7.39653e-006,2.46551e-006,2.13678e-005,4.35573e-005,0,0.000282712,0.000230114,3.69826e-005
7.39653e-006,2.46551e-006,2.26005e-005,8.21837e-005,0,0.000283123,0.000354212,3.98591e-005
0.000214088,8.21837e-007,7.39653e-006,1.10948e-005,0,0.000285588,0.000234634,3.57499e-005
2.71206e-005,8.21837e-007,8.21837e-006,1.93132e-005,0,0.000454065,0.000231347,4.64338e-005
6.98561e-006,8.21837e-007,9.45112e-006,2.38333e-005,0,0.000295861,0.000231758,3.65717e-005
3.28735e-006,1.64367e-006,2.38333e-005,3.24625e-005,4.10918e-007,0.000302847,0.000244907,4.06809e-005
3.28735e-005,1.23275e-006,1.89022e-005,3.16407e-005,0,0.000302436,0.000247784,3.94482e-005
3.98591e-005,1.23275e-006,1.5204e-005,2.75315e-005,4.10918e-007,0.000285177,0.000262166,3.69826e-005
5.46521e-005,1.23275e-006,1.89022e-005,3.20516e-005,0,0.000398591,0.000305312,4.19137e-005
2.71206e-005,1.64367e-006,1.64367e-005,3.16407e-005,0,0.000355444,0.000247373,4.06809e-005
3.69826e-006,2.05459e-006,1.68476e-005,3.08189e-005,0,0.000350924,0.000248606,4.06809e-005
2.87643e-006,2.30114e-005,1.23275e-005,2.75315e-005,0,0.000322982,0.000260111,4.027e-005
2.87643e-006,1.23275e-006,1.27385e-005,2.67097e-005,4.10918e-007,0.000322982,0.000318873,3.94482e-005
2.87643e-006,1.23275e-006,1.10948e-005,2.54769e-005,4.10918e-007,0.000320105,0.000260933,4.027e-005
3.69826e-006,1.64367e-006,1.60258e-005,2.42442e-005,0,0.000315174,0.000263399,4.15027e-005
4.10918e-006,1.23275e-006,5.75286e-005,4.5201e-005,4.10918e-007,0.00032216,0.000269151,4.19137e-005
2.26005e-005,8.21837e-007,1.10948e-005,2.38333e-005,0,0.000351746,0.000300381,4.88993e-005
1.60258e-005,1.23275e-006,1.10948e-005,2.21896e-005,0,0.000313942,0.000314352,4.23246e-005
3.28735e-006,1.23275e-006,1.93132e-005,2.9997e-005,4.10918e-007,0.000366128,0.000337775,4.23246e-005
2.46551e-006,8.21837e-007,1.64367e-005,2.62988e-005,0,0.000307367,0.000259289,5.83504e-005
2.46551e-006,1.23275e-006,1.64367e-005,0.000298327,0,0.0003086,0.000253947,4.60228e-005
2.30114e-005,1.23275e-006,1.43821e-005,2.58878e-005,0,0.000309421,0.000257235,7.0267e-005
2.05459e-006,8.21837e-007,1.06839e-005,2.30114e-005,0,0.000351746,0.000274082,4.93102e-005
1.64367e-006,8.21837e-007,8.21837e-006,2.0135e-005,0,0.000362019,0.000285999,4.64338e-005
2.05459e-006,8.21837e-007,8.62928e-006,2.13678e-005,0,0.000326269,0.000328735,4.72556e-005
5.75286e-006,8.21837e-007,8.21837e-006,1.97241e-005,4.10918e-007,0.000302025,0.000264631,5.17757e-005
7.80745e-006,2.46551e-006,2.54769e-005,6.86233e-005,0,0.000312709,0.000283945,4.56119e-005
1.27385e-005,2.46551e-006,2.38333e-005,8.13618e-005,0,0.000315174,0.000285588,4.39683e-005
2.05459e-006,8.21837e-007,8.21837e-006,1.35603e-005,0,0.0003312,0.00026422,5.46521e-005
7.5609e-005,8.21837e-007,9.0402e-006,2.21896e-005,0,0.000331611,0.000253126,4.10918e-005
2.05459e-006,8.21837e-007,9.45112e-006,2.13678e-005,4.10918e-007,0.000302436,0.000277781,5.38303e-005
1.06839e-005,8.21837e-007,1.0273e-005,2.30114e-005,0,0.000309832,0.000274904,4.23246e-005
1.64367e-006,1.64367e-006,1.0273e-005,2.17787e-005,0,0.000301614,0.000244496,4.06809e-005
1.15057e-005,8.21837e-007,9.45112e-006,2.13678e-005,0,0.000469269,0.000274082,4.06809e-005
0.000119166,2.46551e-006,3.08189e-005,2.26005e-005,0,0.000302025,0.000253126,4.5201e-005
6.98561e-006,2.46551e-006,2.42442e-005,7.93072e-005,0,0.000283534,0.000262988,4.27355e-005
7.39653e-006,2.05459e-006,2.34223e-005,6.94452e-005,0,0.000283945,0.000230114,3.78045e-005
0.000278192,4.10918e-007,6.57469e-006,1.72586e-005,0,0.000280657,0.000230114,3.82154e-005
7.64308e-005,2.87643e-006,3.24625e-005,1.93132e-005,0,0.000314763,0.00024614,3.98591e-005
0.000180393,8.21837e-007,6.98561e-006,2.58878e-005,0,0.000283123,0.000229292,3.78045e-005
3.20516e-005,2.46551e-006,2.34223e-005,6.5336e-005,0,0.000303669,0.000245729,3.94482e-005
6.16377e-005,2.46551e-006,2.0135e-005,2.09568e-005,0,0.000294217,0.000268741,3.65717e-005
0.000228471,8.21837e-007,7.80745e-006,1.80804e-005,0,0.000298327,0.000242442,3.82154e-005
7.39653e-006,2.05459e-006,2.09568e-005,8.01291e-005,4.10918e-007,0.00028189,0.000224361,3.61608e-005
1.06839e-005,2.46551e-006,2.30114e-005,4.23246e-005,0,0.000275315,0.000222718,3.5339e-005
0.000256824,8.21837e-007,6.16377e-006,1.80804e-005,0,0.000298327,0.000243675,3.82154e-005
3.65717e-005,2.46551e-006,2.21896e-005,7.23216e-005,0,0.000282712,0.0002371,3.61608e-005
7.39653e-006,4.10918e-007,6.57469e-006,4.027e-005,0,0.000284355,0.000260522,3.65717e-005
3.36953e-005,1.80804e-005,2.62988e-005,5.99941e-005,0,0.000413384,0.000445846,3.98591e-005
0.000148752,8.21837e-007,8.62928e-006,1.89022e-005,0,0.000276548,0.000222718,3.78045e-005
6.57469e-006,2.46551e-006,2.30114e-005,6.90343e-005,4.10918e-007,0.000283534,0.000237922,3.61608e-005
6.16377e-006,2.05459e-006,2.05459e-005,0.000103962,0,0.000296683,0.000225594,3.98591e-005
0.000240798,8.21837e-007,6.57469e-006,1.97241e-005,0,0.000281479,0.00023258,3.90372e-005
6.57469e-006,2.05459e-006,1.84913e-005,6.16377e-005,0,0.000753213,0.000315996,3.86263e-005
6.57469e-006,2.46551e-006,2.26005e-005,4.23246e-005,0,0.00029093,0.000222718,3.82154e-005
0.000121221,2.05459e-006,1.89022e-005,1.80804e-005,0,0.000281068,0.000242031,3.61608e-005
7.80745e-006,2.46551e-006,2.09568e-005,7.68417e-005,0,0.000272439,0.00021943,3.49281e-005
6.98561e-006,2.05459e-006,1.89022e-005,6.24596e-005,0,0.000280246,0.000225183,3.45171e-005
6.16377e-006,2.05459e-006,1.97241e-005,6.32814e-005,0,0.000477076,0.000498033,3.94482e-005
0.000171353,8.21837e-007,7.39653e-006,1.80804e-005,4.10918e-007,0.000282712,0.000229292,3.86263e-005
7.80745e-006,2.46551e-006,2.26005e-005,6.65688e-005,0,0.000276137,0.000219019,3.65717e-005
6.98561e-006,2.05459e-006,2.05459e-005,4.027e-005,4.10918e-007,0.000275315,0.000222307,3.5339e-005
0.000167655,8.21837e-007,6.16377e-006,2.9997e-005,4.10918e-007,0.00028189,0.000230936,4.43792e-005
1.97241e-005,2.05459e-006,2.0135e-005,6.41032e-005,0,0.000304901,0.000277781,4.72556e-005
0.00014752,8.21837e-007,9.0402e-006,1.97241e-005,0,0.000302847,0.000262577,3.73936e-005
0.000132727,8.21837e-007,8.21837e-006,2.62988e-005,0,0.00027737,0.000219019,3.61608e-005
6.57469e-006,2.46551e-006,2.17787e-005,6.69797e-005,0,0.000274082,0.000218609,3.5339e-005
6.16377e-006,2.05459e-006,1.97241e-005,6.36923e-005,4.10918e-007,0.00028189,0.000233402,3.5339e-005
6.65688e-005,2.05459e-006,6.41032e-005,4.10918e-005,0,0.000315585,0.000224772,3.57499e-005
0.000155738,4.10918e-007,8.62928e-006,2.05459e-005,4.10918e-007,0.000300381,0.000243675,3.90372e-005
0.000220663,4.10918e-007,6.16377e-006,1.93132e-005,0,0.000279424,0.000326269,3.61608e-005
7.39653e-006,2.46551e-006,2.26005e-005,6.61578e-005,0,0.000283123,0.000226416,3.73936e-005
0.000284355,8.21837e-007,6.57469e-006,1.76695e-005,4.10918e-007,0.000298327,0.000239976,3.86263e-005
0.000232169,8.21837e-007,5.75286e-006,1.64367e-005,0,0.000283123,0.000226827,3.61608e-005
2.46551e-005,2.46551e-006,2.17787e-005,6.45142e-005,0,0.000298327,0.000237922,3.82154e-005
6.57469e-006,2.46551e-006,2.09568e-005,8.38273e-005,0,0.000273261,0.000219841,3.5339e-005
6.98561e-006,2.05459e-006,1.84913e-005,6.24596e-005,4.10918e-007,0.000279424,0.000264631,3.49281e-005
0.000160258,4.10918e-007,6.98561e-006,9.86204e-006,4.10918e-007,0.000274082,0.000221485,3.5339e-005
6.98561e-006,2.46551e-006,2.09568e-005,8.99911e-005,0,0.000298327,0.000262577,0.000352979
3.94482e-005,2.05459e-006,2.17787e-005,4.35573e-005,4.10918e-007,0.000273261,0.000222718,3.5339e-005
0.000198474,8.21837e-007,6.98561e-006,1.93132e-005,0,0.000281068,0.000248195,3.82154e-005
4.97211e-005,2.05459e-006,2.05459e-005,6.32814e-005,0,0.000273261,0.00022354,3.5339e-005
3.82154e-005,2.05459e-006,2.09568e-005,8.30055e-005,0,0.000274493,0.000249427,3.5339e-005
6.98561e-006,2.46551e-006,2.09568e-005,7.19107e-005,0,0.000477898,0.000306134,3.90372e-005
0.000230525,4.10918e-007,6.57469e-006,1.64367e-005,0,0.00027285,0.000222718,3.61608e-005
3.98591e-005,2.46551e-006,2.26005e-005,4.35573e-005,0,0.00028189,0.000256413,3.61608e-005
1.64367e-005,2.87643e-006,2.26005e-005,6.90343e-005,0,0.00027285,0.000223129,3.61608e-005
0.000262577,8.21837e-007,5.75286e-006,1.72586e-005,4.10918e-007,0.000281068,0.000267508,3.86263e-005
6.98561e-006,2.46551e-006,2.17787e-005,6.65688e-005,0,0.000273672,0.00022354,3.5339e-005
7.80745e-006,2.46551e-006,2.09568e-005,6.5336e-005,0,0.000273672,0.000222718,3.57499e-005
4.027e-005,2.46551e-006,2.09568e-005,6.61578e-005,0,0.000280246,0.0002371,3.49281e-005
7.10889e-005,2.05459e-006,1.93132e-005,4.84884e-005,4.10918e-007,0.000281068,0.000222718,3.49281e-005
3.86263e-005,2.05459e-006,2.09568e-005,6.5336e-005,0,0.000281068,0.000237922,3.5339e-005
6.98561e-006,2.46551e-006,3.65717e-005,6.86233e-005,4.10918e-007,0.000303258,0.000336542,4.027e-005
7.80745e-006,2.46551e-006,2.5066e-005,6.41032e-005,4.10918e-007,0.000275315,0.00022395,3.61608e-005
6.57469e-006,2.05459e-006,2.30114e-005,6.69797e-005,0,0.000285999,0.0002371,3.57499e-005
6.98561e-006,2.05459e-006,2.38333e-005,6.61578e-005,0,0.000276548,0.000223129,3.69826e-005
0.000248195,4.10918e-007,6.57469e-006,1.72586e-005,0,0.000282712,0.000285999,3.61608e-005
6.98561e-006,2.46551e-006,2.17787e-005,6.65688e-005,4.10918e-007,0.000610625,0.000403522,3.86263e-005
3.0408e-005,2.05459e-006,2.09568e-005,6.45142e-005,0,0.000281068,0.000269562,3.5339e-005
6.57469e-006,2.05459e-006,2.0135e-005,6.45142e-005,0,0.000273261,0.000222307,3.49281e-005
6.98561e-006,2.46551e-006,2.09568e-005,6.57469e-005,4.10918e-007,0.00029093,0.000230936,3.57499e-005
0.000224772,4.10918e-007,8.21837e-006,1.80804e-005,0,0.000298738,0.000244085,3.86263e-005
9.0402e-006,2.87643e-006,2.21896e-005,6.78015e-005,4.10918e-007,0.000299559,0.000245318,3.86263e-005
6.98561e-006,2.46551e-006,2.05459e-005,6.5336e-005,0,0.000299148,0.000244085,3.78045e-005
9.82095e-005,2.05459e-006,2.0135e-005,3.12298e-005,0,0.00027285,0.000327913,3.5339e-005
6.98561e-006,2.46551e-006,2.17787e-005,8.01291e-005,0,0.00028189,0.000233402,3.49281e-005
6.98561e-006,1.15057e-005,2.42442e-005,2.87643e-005,0,0.000290519,0.000239976,3.82154e-005
6.16377e-006,2.05459e-006,2.13678e-005,1.68476e-005,4.10918e-007,0.000517346,0.000241209,4.027e-005
0.00017916,2.46551e-006,2.21896e-005,1.84913e-005,0,0.000275726,0.000232991,3.78045e-005
1.43821e-005,2.46551e-006,2.38333e-005,6.90343e-005,0,0.000276137,0.000378045,3.78045e-005
0.000148341,4.10918e-007,7.80745e-006,1.15057e-005,0,0.000283945,0.000250249,3.94482e-005
0.000235867,8.21837e-007,6.16377e-006,1.89022e-005,4.10918e-007,0.000274493,0.0002371,3.65717e-005
2.17787e-005,2.46551e-006,2.21896e-005,6.82124e-005,4.10918e-007,0.000283945,0.000237511,3.69826e-005
6.98561e-006,2.46551e-006,2.21896e-005,6.49251e-005,0,0.000291341,0.00022354,3.57499e-005
6.57469e-006,2.46551e-006,0.000118344,1.80804e-005,0,0.000283123,0.000237511,3.5339e-005
9.45112e-006,2.46551e-006,2.21896e-005,6.41032e-005,0,0.000334077,0.000375579,0.000202583
2.46551e-006,8.21837e-007,1.10948e-005,2.26005e-005,4.10918e-007,0.000320927,0.000491047,3.90372e-005
1.19166e-005,2.87643e-006,2.62988e-005,7.06779e-005,0,0.000284766,0.000231758,3.82154e-005
8.42382e-005,8.21837e-007,1.10948e-005,2.09568e-005,4.10918e-007,0.000306545,0.000235867,4.15027e-005
7.80745e-006,2.87643e-006,2.54769e-005,7.31434e-005,0,0.000284355,0.000237922,3.69826e-005
5.71176e-005,2.46551e-006,2.30114e-005,4.72556e-005,4.10918e-007,0.000275315,0.000226416,3.65717e-005
0.000247373,4.10918e-007,7.80745e-006,2.91752e-005,0,0.000284355,0.000261755,3.94482e-005
2.71206e-005,2.46551e-006,2.17787e-005,8.91693e-005,4.10918e-007,0.000302025,0.000267097,4.10918e-005
1.80804e-005,8.21837e-007,9.0402e-006,1.15057e-005,4.10918e-007,0.000275726,0.000224772,3.65717e-005
6.98561e-006,8.21837e-007,3.24625e-005,2.38333e-005,0,0.000283945,0.000234634,3.57499e-005
4.93102e-006,2.46551e-006,2.21896e-005,6.49251e-005,0,0.000274904,0.000262577,3.5339e-005
